Entity,Code,Year,"Literacy rate, adult total (% of people ages 15 and above)"
Afghanistan,AFG,1979,18.15768
Afghanistan,AFG,2011,31.44885
Afghanistan,AFG,2021,37.26604
Albania,ALB,2001,98.71298
Albania,ALB,2008,95.93864
Albania,ALB,2011,96.8453
Albania,ALB,2012,97.24697
Albania,ALB,2018,98.14115
Albania,ALB,2021,98.45
Algeria,DZA,1987,49.63088
Algeria,DZA,2002,69.8735
Algeria,DZA,2006,72.64868
Algeria,DZA,2008,75.13605
Algeria,DZA,2018,81.40784
American Samoa,ASM,1980,97.34416
Angola,AGO,2001,67.40542
Angola,AGO,2014,66.03011
Angola,AGO,2021,72.28
Antigua and Barbuda,ATG,2001,98.95
Antigua and Barbuda,ATG,2011,98.95
Antigua and Barbuda,ATG,2015,98.95
Argentina,ARG,1980,93.91286
Argentina,ARG,1991,96.04072
Argentina,ARG,2001,97.19331
Argentina,ARG,2006,98.6108
Argentina,ARG,2009,98.98342
Argentina,ARG,2010,98.95497
Argentina,ARG,2011,99.10833
Argentina,ARG,2012,99.10523
Argentina,ARG,2013,99.12195
Argentina,ARG,2014,98.99389
Argentina,ARG,2015,99.17996
Argentina,ARG,2016,99.12501
Argentina,ARG,2018,99.00387
Armenia,ARM,1989,98.75196
Armenia,ARM,2001,99.40016
Armenia,ARM,2011,99.74441
Armenia,ARM,2016,99.74441
Armenia,ARM,2017,99.73607
Armenia,ARM,2020,99.78861
Aruba,ABW,2000,97.29125
Aruba,ABW,2010,96.82264
Aruba,ABW,2018,97.80742
Aruba,ABW,2020,97.99
Azerbaijan,AZE,1999,98.7918
Azerbaijan,AZE,2007,99.59319
Azerbaijan,AZE,2009,99.75984
Azerbaijan,AZE,2010,99.77114
Azerbaijan,AZE,2011,99.77863
Azerbaijan,AZE,2012,99.77577
Azerbaijan,AZE,2013,99.78936
Azerbaijan,AZE,2014,99.78899
Azerbaijan,AZE,2015,99.78806
Azerbaijan,AZE,2016,99.79006
Azerbaijan,AZE,2017,99.79123
Azerbaijan,AZE,2019,99.79598
Bahrain,BHR,1981,69.75351
Bahrain,BHR,1991,84.01383
Bahrain,BHR,2001,86.54874
Bahrain,BHR,2010,90.9774
Bahrain,BHR,2011,92.3
Bangladesh,BGD,1981,29.22723
Bangladesh,BGD,1991,35.3193
Bangladesh,BGD,2001,47.4855
Bangladesh,BGD,2007,46.6636
Bangladesh,BGD,2011,58.76918
Bangladesh,BGD,2012,57.86075
Bangladesh,BGD,2013,61.01554
Bangladesh,BGD,2014,61.0933
Bangladesh,BGD,2015,65.13733
Bangladesh,BGD,2016,72.75872
Bangladesh,BGD,2017,72.89297
Bangladesh,BGD,2018,73.9122
Bangladesh,BGD,2019,74.68446
Bangladesh,BGD,2020,74.9089
Barbados,BRB,1970,99.26808
Barbados,BRB,1980,99.5
Barbados,BRB,1984,99.6
Barbados,BRB,1994,99.6
Barbados,BRB,2004,99.6
Barbados,BRB,2014,99.6
Belarus,BLR,1989,97.88337
Belarus,BLR,1999,99.59073
Belarus,BLR,2009,99.61706
Belarus,BLR,2019,99.874
Belize,BLZ,1991,70.29842
Belize,BLZ,2000,76.90298
Belize,BLZ,2001,80.9
Benin,BEN,1979,16.48273
Benin,BEN,1992,27.24517
Benin,BEN,2002,34.65785
Benin,BEN,2006,28.70211
Benin,BEN,2012,32.94882
Benin,BEN,2018,42.3624
Benin,BEN,2021,45.84
Bhutan,BTN,2005,52.81469
Bhutan,BTN,2012,55.31756
Bhutan,BTN,2017,66.56115
Bhutan,BTN,2021,70.95
Bolivia,BOL,1976,63.20815
Bolivia,BOL,1992,79.99177
Bolivia,BOL,2001,86.72367
Bolivia,BOL,2007,90.74347
Bolivia,BOL,2008,90.69811
Bolivia,BOL,2009,91.16783
Bolivia,BOL,2011,92.22615
Bolivia,BOL,2012,94.46057
Bolivia,BOL,2015,92.45508
Bolivia,BOL,2020,93.85256
Bosnia and Herzegovina,BIH,1991,89.06359
Bosnia and Herzegovina,BIH,2000,96.6631
Bosnia and Herzegovina,BIH,2011,98.14204
Bosnia and Herzegovina,BIH,2013,96.99177
Bosnia and Herzegovina,BIH,2021,98.1
Botswana,BWA,1991,68.58091
Botswana,BWA,2003,81.18871
Botswana,BWA,2013,86.82318
Brazil,BRA,1980,74.58673
Brazil,BRA,2000,86.36788
Brazil,BRA,2004,88.61624
Brazil,BRA,2006,89.61523
Brazil,BRA,2007,90.00937
Brazil,BRA,2008,90.03662
Brazil,BRA,2009,90.29821
Brazil,BRA,2010,90.37918
Brazil,BRA,2011,91.41124
Brazil,BRA,2012,91.33785
Brazil,BRA,2013,91.48424
Brazil,BRA,2014,91.72943
Brazil,BRA,2015,92.0479
Brazil,BRA,2016,92.80844
Brazil,BRA,2017,93.07582
Brazil,BRA,2018,93.2275
Brazil,BRA,2021,94.3
Brunei,BRN,1981,77.7355
Brunei,BRN,1991,87.80418
Brunei,BRN,2001,92.67113
Brunei,BRN,2011,96.08556
Brunei,BRN,2018,97.21411
Brunei,BRN,2021,97.59
Bulgaria,BGR,2001,98.20356
Bulgaria,BGR,2011,98.35245
Bulgaria,BGR,2021,98.42
Burkina Faso,BFA,1975,8.83023
Burkina Faso,BFA,1991,13.56923
Burkina Faso,BFA,1996,12.84817
Burkina Faso,BFA,2003,21.82292
Burkina Faso,BFA,2005,23.5222
Burkina Faso,BFA,2006,22.47258
Burkina Faso,BFA,2007,28.29366
Burkina Faso,BFA,2014,34.5994
Burkina Faso,BFA,2018,39.34585
Burkina Faso,BFA,2021,46.04
Burundi,BDI,1979,22.50855
Burundi,BDI,1990,37.38472
Burundi,BDI,2000,59.30362
Burundi,BDI,2008,48.08406
Burundi,BDI,2014,61.51349
Burundi,BDI,2017,68.37533
Burundi,BDI,2021,74.71
Cambodia,KHM,1998,67.33503
Cambodia,KHM,2004,73.60995
Cambodia,KHM,2008,76.87129
Cambodia,KHM,2009,76.13796
Cambodia,KHM,2014,78.05509
Cambodia,KHM,2015,80.52649
Cambodia,KHM,2021,83.91
Cameroon,CMR,1976,41.21621
Cameroon,CMR,2000,68.40916
Cameroon,CMR,2007,70.67994
Cameroon,CMR,2010,71.29051
Cameroon,CMR,2018,77.07104
Cameroon,CMR,2020,78.23
Cape Verde,CPV,1990,62.79686
Cape Verde,CPV,2000,76.11044
Cape Verde,CPV,2012,85.32779
Cape Verde,CPV,2015,86.79029
Cape Verde,CPV,2021,90.78
Cayman Islands,CYM,2007,98.86782
Cayman Islands,CYM,2017,98.86782
Cayman Islands,CYM,2021,98.86782
Central African Republic,CAF,1975,18.23617
Central African Republic,CAF,1988,33.62442
Central African Republic,CAF,2000,50.64517
Central African Republic,CAF,2010,36.75261
Central African Republic,CAF,2018,37.39582
Central African Republic,CAF,2020,37.49
Chad,TCD,1993,10.89465
Chad,TCD,2000,25.65421
Chad,TCD,2004,28.38143
Chad,TCD,2015,26.00299
Chad,TCD,2016,22.31155
Chad,TCD,2021,26.76
Chile,CHL,1982,91.1284
Chile,CHL,1992,94.29114
Chile,CHL,2002,95.71662
Chile,CHL,2008,97.72245
Chile,CHL,2009,97.66423
Chile,CHL,2011,96.70301
Chile,CHL,2013,96.26706
Chile,CHL,2015,96.87413
Chile,CHL,2017,96.40228
Chile,CHL,2021,97.04
China,CHN,1982,65.50509
China,CHN,1990,77.78506
China,CHN,2000,90.92021
China,CHN,2010,95.12448
China,CHN,2018,96.84089
China,CHN,2020,97.15
Colombia,COL,1993,91.06309
Colombia,COL,1996,91.20716
Colombia,COL,2004,92.80378
Colombia,COL,2005,92.84866
Colombia,COL,2006,92.29968
Colombia,COL,2007,92.65179
Colombia,COL,2008,93.37818
Colombia,COL,2009,93.24469
Colombia,COL,2010,93.37233
Colombia,COL,2011,93.58053
Colombia,COL,2014,94.18625
Colombia,COL,2015,94.24505
Colombia,COL,2016,94.65385
Colombia,COL,2018,95.09251
Colombia,COL,2019,95.24927
Colombia,COL,2020,95.63633
Comoros,COM,1980,47.91923
Comoros,COM,2000,68.48923
Comoros,COM,2012,49.19614
Comoros,COM,2018,58.81702
Comoros,COM,2021,61.99
Congo,COG,1984,59.61912
Congo,COG,2005,76.11479
Congo,COG,2011,79.31117
Congo,COG,2018,80.29876
Congo,COG,2021,80.61
Costa Rica,CRI,1984,92.62904
Costa Rica,CRI,2000,94.86819
Costa Rica,CRI,2011,97.40658
Costa Rica,CRI,2018,97.86379
Costa Rica,CRI,2021,98.04
Cote d'Ivoire,CIV,1988,34.13928
Cote d'Ivoire,CIV,1998,36.35024
Cote d'Ivoire,CIV,2000,48.74076
Cote d'Ivoire,CIV,2012,40.98163
Cote d'Ivoire,CIV,2014,43.90842
Cote d'Ivoire,CIV,2019,89.89342
Croatia,HRV,1991,96.70155
Croatia,HRV,2001,98.14668
Croatia,HRV,2011,99.12536
Croatia,HRV,2021,99.45
Cuba,CUB,1981,97.84665
Cuba,CUB,2002,99.79907
Cuba,CUB,2012,99.75253
Cuba,CUB,2021,99.67311
Cyprus,CYP,1992,94.36247
Cyprus,CYP,2001,96.80363
Cyprus,CYP,2011,98.67843
Cyprus,CYP,2021,99.36
Democratic Republic of Congo,COD,2001,67.17299
Democratic Republic of Congo,COD,2007,61.20555
Democratic Republic of Congo,COD,2012,75.01719
Democratic Republic of Congo,COD,2016,77.04268
Democratic Republic of Congo,COD,2021,80.02
Dominican Republic,DOM,1981,73.06457
Dominican Republic,DOM,2002,86.99647
Dominican Republic,DOM,2007,88.24446
Dominican Republic,DOM,2010,89.53873
Dominican Republic,DOM,2011,90.10638
Dominican Republic,DOM,2012,90.15518
Dominican Republic,DOM,2013,90.85815
Dominican Republic,DOM,2014,91.76376
Dominican Republic,DOM,2015,91.99121
Dominican Republic,DOM,2016,93.77846
Dominican Republic,DOM,2021,95.17
East Asia and Pacific (WB),,1976,65.94049
East Asia and Pacific (WB),,1977,66.13179
East Asia and Pacific (WB),,1978,67.14675
East Asia and Pacific (WB),,1979,68.14903
East Asia and Pacific (WB),,1980,68.64389
East Asia and Pacific (WB),,1981,70.21549
East Asia and Pacific (WB),,1982,70.95321
East Asia and Pacific (WB),,1983,72.12058
East Asia and Pacific (WB),,1984,73.06336
East Asia and Pacific (WB),,1985,73.96934
East Asia and Pacific (WB),,1986,74.76787
East Asia and Pacific (WB),,1987,75.94237
East Asia and Pacific (WB),,1988,79.85475
East Asia and Pacific (WB),,1989,80.50332
East Asia and Pacific (WB),,1990,80.41292
East Asia and Pacific (WB),,1991,81.63425
East Asia and Pacific (WB),,1992,82.16196
East Asia and Pacific (WB),,1993,82.64431
East Asia and Pacific (WB),,1994,83.21567
East Asia and Pacific (WB),,1995,83.77902
East Asia and Pacific (WB),,1996,84.27199
East Asia and Pacific (WB),,1997,89.32085
East Asia and Pacific (WB),,1998,89.66533
East Asia and Pacific (WB),,1999,90.00658
East Asia and Pacific (WB),,2000,90.29119
East Asia and Pacific (WB),,2001,90.70855
East Asia and Pacific (WB),,2002,91.08538
East Asia and Pacific (WB),,2003,91.46929
East Asia and Pacific (WB),,2004,91.79637
East Asia and Pacific (WB),,2005,92.17146
East Asia and Pacific (WB),,2006,92.51869
East Asia and Pacific (WB),,2007,93.5822
East Asia and Pacific (WB),,2008,93.84104
East Asia and Pacific (WB),,2009,94.15556
East Asia and Pacific (WB),,2010,94.1721
East Asia and Pacific (WB),,2011,93.97159
East Asia and Pacific (WB),,2012,94.20421
East Asia and Pacific (WB),,2013,94.30594
East Asia and Pacific (WB),,2014,94.79816
East Asia and Pacific (WB),,2015,95.01452
East Asia and Pacific (WB),,2016,95.17617
East Asia and Pacific (WB),,2017,95.36701
East Asia and Pacific (WB),,2018,95.43129
East Asia and Pacific (WB),,2019,95.86206
East Asia and Pacific (WB),,2020,96.01458
East Timor,TLS,2001,37.6
East Timor,TLS,2007,50.6
East Timor,TLS,2010,58.30898
East Timor,TLS,2018,68.06683
East Timor,TLS,2020,69.9
Ecuador,ECU,1982,83.55269
Ecuador,ECU,1990,88.29876
Ecuador,ECU,2001,90.98403
Ecuador,ECU,2007,92.09679
Ecuador,ECU,2008,92.39005
Ecuador,ECU,2009,92.24976
Ecuador,ECU,2010,91.85404
Ecuador,ECU,2011,91.5869
Ecuador,ECU,2012,92.06473
Ecuador,ECU,2013,93.29463
Ecuador,ECU,2014,94.22264
Ecuador,ECU,2015,94.45566
Ecuador,ECU,2016,94.35023
Ecuador,ECU,2017,92.82979
Ecuador,ECU,2020,93.6261
Ecuador,ECU,2021,94.48359
Egypt,EGY,1976,38.19676
Egypt,EGY,1986,44.42399
Egypt,EGY,1996,55.587
Egypt,EGY,2005,67.33187
Egypt,EGY,2006,66.36991
Egypt,EGY,2010,72.04785
Egypt,EGY,2012,73.86559
Egypt,EGY,2013,72.4425
Egypt,EGY,2017,71.16825
Egypt,EGY,2021,73.09
El Salvador,SLV,1992,74.14316
El Salvador,SLV,2006,83.55946
El Salvador,SLV,2007,82.02863
El Salvador,SLV,2008,83.9513
El Salvador,SLV,2009,84.10289
El Salvador,SLV,2010,84.49272
El Salvador,SLV,2011,85.49399
El Salvador,SLV,2013,86.76758
El Salvador,SLV,2015,87.96985
El Salvador,SLV,2016,88.14177
El Salvador,SLV,2017,88.48271
El Salvador,SLV,2018,89.0086
El Salvador,SLV,2019,89.13792
El Salvador,SLV,2020,89.98453
Equatorial Guinea,GNQ,2000,88.3083
Equatorial Guinea,GNQ,2010,94.37054
Eritrea,ERI,2002,52.51395
Eritrea,ERI,2008,64.66297
Eritrea,ERI,2018,76.57052
Estonia,EST,1989,99.72644
Estonia,EST,2000,99.7672
Estonia,EST,2011,99.88579
Estonia,EST,2021,99.87
Eswatini,SWZ,1976,55.32504
Eswatini,SWZ,1986,67.23938
Eswatini,SWZ,2000,81.6607
Eswatini,SWZ,2010,83.09829
Eswatini,SWZ,2018,88.41938
Eswatini,SWZ,2020,89.28
Ethiopia,ETH,1994,27.01135
Ethiopia,ETH,2004,35.9
Ethiopia,ETH,2005,29.82034
Ethiopia,ETH,2007,38.99598
Ethiopia,ETH,2017,51.77118
Europe and Central Asia (WB),,1992,95.32012
Europe and Central Asia (WB),,1993,95.48217
Europe and Central Asia (WB),,1994,95.62532
Europe and Central Asia (WB),,1995,95.76832
Europe and Central Asia (WB),,1996,95.93378
Europe and Central Asia (WB),,1997,96.06181
Europe and Central Asia (WB),,1998,96.21617
Europe and Central Asia (WB),,1999,96.33313
Europe and Central Asia (WB),,2000,96.39608
Europe and Central Asia (WB),,2001,96.49009
Europe and Central Asia (WB),,2002,96.67602
Europe and Central Asia (WB),,2003,96.76986
Europe and Central Asia (WB),,2004,96.90087
Europe and Central Asia (WB),,2005,97.06187
Europe and Central Asia (WB),,2006,97.05441
Europe and Central Asia (WB),,2007,97.12386
Europe and Central Asia (WB),,2008,97.15885
Europe and Central Asia (WB),,2009,97.40518
Europe and Central Asia (WB),,2010,97.56701
Europe and Central Asia (WB),,2011,97.70388
Europe and Central Asia (WB),,2012,97.8054
Europe and Central Asia (WB),,2013,97.87166
Europe and Central Asia (WB),,2014,97.91473
Europe and Central Asia (WB),,2015,97.95932
Europe and Central Asia (WB),,2016,98.0475
Europe and Central Asia (WB),,2017,98.09269
Europe and Central Asia (WB),,2018,98.14884
Europe and Central Asia (WB),,2019,98.20648
Europe and Central Asia (WB),,2020,98.25229
Gabon,GAB,1993,72.23367
Gabon,GAB,2012,82.2838
Gabon,GAB,2018,84.66716
Gabon,GAB,2021,85.46
Gambia,GMB,2000,36.81773
Gambia,GMB,2013,41.95005
Gambia,GMB,2015,50.77797
Gambia,GMB,2021,58.06
Georgia,GEO,2002,99.65235
Georgia,GEO,2014,99.58619
Georgia,GEO,2017,99.36426
Georgia,GEO,2019,99.55844
Ghana,GHA,2000,57.89747
Ghana,GHA,2010,71.49707
Ghana,GHA,2018,79.03964
Ghana,GHA,2020,80.38
Greece,GRC,1981,90.51232
Greece,GRC,1991,92.61045
Greece,GRC,2001,95.99436
Greece,GRC,2005,93.04431
Greece,GRC,2007,93.93155
Greece,GRC,2009,93.90511
Greece,GRC,2011,97.36874
Greece,GRC,2018,97.93595
Grenada,GRD,1970,97.79447
Grenada,GRD,1980,98.4
Grenada,GRD,1984,98.6
Grenada,GRD,1994,98.6
Grenada,GRD,2004,98.6
Grenada,GRD,2014,98.6
Guam,GUM,1980,96.42065
Guam,GUM,1990,99.36915
Guam,GUM,2000,99.56
Guatemala,GTM,1994,64.21164
Guatemala,GTM,2002,69.10173
Guatemala,GTM,2012,78.26486
Guatemala,GTM,2013,77.03867
Guatemala,GTM,2014,81.2859
Guatemala,GTM,2018,80.81068
Guatemala,GTM,2021,83.35
Guinea,GIN,1996,20.55375
Guinea,GIN,2003,29.70402
Guinea,GIN,2010,25.30774
Guinea,GIN,2014,32.00384
Guinea,GIN,2018,39.61768
Guinea,GIN,2021,45.33
Guinea-Bissau,GNB,1979,19.95825
Guinea-Bissau,GNB,2000,41.35777
Guinea-Bissau,GNB,2014,45.58116
Guinea-Bissau,GNB,2021,52.89
Guyana,GUY,2009,84.99401
Guyana,GUY,2014,85.63973
Guyana,GUY,2021,88.85
Haiti,HTI,1982,34.73469
Haiti,HTI,2003,58.7439
Haiti,HTI,2006,48.68502
Haiti,HTI,2016,61.69135
Honduras,HND,2001,80.01103
Honduras,HND,2007,83.58899
Honduras,HND,2010,84.75536
Honduras,HND,2011,85.1233
Honduras,HND,2012,85.35555
Honduras,HND,2013,85.46442
Honduras,HND,2014,87.19753
Honduras,HND,2015,87.90683
Honduras,HND,2016,88.98748
Honduras,HND,2018,87.20524
Honduras,HND,2019,88.50743
Hungary,HUN,1980,98.85829
Hungary,HUN,1990,99.1
Hungary,HUN,2014,99.1
Hungary,HUN,2021,99.1
India,IND,1981,40.76359
India,IND,1991,48.22207
India,IND,2001,61.01456
India,IND,2006,62.75447
India,IND,2011,69.30256
India,IND,2018,74.37299
Indonesia,IDN,1980,67.31267
Indonesia,IDN,1990,81.51985
Indonesia,IDN,2004,90.38479
Indonesia,IDN,2006,91.98227
Indonesia,IDN,2008,92.1923
Indonesia,IDN,2009,92.5817
Indonesia,IDN,2011,92.81191
Indonesia,IDN,2014,95.11622
Indonesia,IDN,2015,95.21793
Indonesia,IDN,2016,95.37697
Indonesia,IDN,2018,95.65856
Indonesia,IDN,2020,95.99901
Iran,IRN,1976,36.5184
Iran,IRN,1986,52.31976
Iran,IRN,1991,65.5314
Iran,IRN,1996,73.06025
Iran,IRN,2002,77
Iran,IRN,2005,82.4412
Iran,IRN,2006,82.33132
Iran,IRN,2008,82.9623
Iran,IRN,2012,83.62599
Iran,IRN,2013,84.6268
Iran,IRN,2014,84.70524
Iran,IRN,2016,85.54425
Iran,IRN,2021,88.74
Iraq,IRQ,2000,74.0522
Iraq,IRQ,2012,77.2
Iraq,IRQ,2013,72.7
Iraq,IRQ,2014,82.2
Iraq,IRQ,2016,83.3
Iraq,IRQ,2017,85.6
Israel,ISR,1983,91.75141
Italy,ITA,1981,96.46054
Italy,ITA,2001,98.41662
Italy,ITA,2011,98.84828
Italy,ITA,2018,99.15576
Italy,ITA,2019,99.3491
Jamaica,JAM,1999,79.92012
Jamaica,JAM,2014,88.1
Jordan,JOR,1979,66.79681
Jordan,JOR,2003,89.89232
Jordan,JOR,2005,91.13075
Jordan,JOR,2007,92.19958
Jordan,JOR,2010,92.55104
Jordan,JOR,2011,95.90445
Jordan,JOR,2012,97.89032
Jordan,JOR,2018,98.22711
Jordan,JOR,2021,98.42
Kazakhstan,KAZ,1989,97.52938
Kazakhstan,KAZ,1999,99.51266
Kazakhstan,KAZ,2009,99.73241
Kazakhstan,KAZ,2010,99.78163
Kazakhstan,KAZ,2018,99.78163
Kazakhstan,KAZ,2020,99.8
Kenya,KEN,2000,82.22908
Kenya,KEN,2007,72.15703
Kenya,KEN,2014,78.73304
Kenya,KEN,2018,81.53497
Kenya,KEN,2021,82.62
Kuwait,KWT,1975,59.56439
Kuwait,KWT,1980,67.51766
Kuwait,KWT,1985,74.49087
Kuwait,KWT,1995,78.3955
Kuwait,KWT,2005,93.27446
Kuwait,KWT,2006,93.28212
Kuwait,KWT,2007,93.66419
Kuwait,KWT,2008,93.8983
Kuwait,KWT,2010,94.46901
Kuwait,KWT,2012,95.51317
Kuwait,KWT,2013,95.58582
Kuwait,KWT,2015,95.68545
Kuwait,KWT,2017,96.03595
Kuwait,KWT,2018,96.05647
Kuwait,KWT,2020,96.45754
Kyrgyzstan,KGZ,1999,98.70161
Kyrgyzstan,KGZ,2009,99.24343
Kyrgyzstan,KGZ,2018,99.586
Kyrgyzstan,KGZ,2019,99.6
Laos,LAO,1995,60.25133
Laos,LAO,2000,69.58312
Laos,LAO,2001,68.73439
Laos,LAO,2005,72.70226
Laos,LAO,2011,58.28794
Laos,LAO,2015,84.66104
Laos,LAO,2021,87.07
Latin America and Caribbean (WB),,1974,78.82583
Latin America and Caribbean (WB),,1975,78.82153
Latin America and Caribbean (WB),,1976,79.15208
Latin America and Caribbean (WB),,1977,79.54253
Latin America and Caribbean (WB),,1978,79.96499
Latin America and Caribbean (WB),,1979,80.3464
Latin America and Caribbean (WB),,1980,80.6981
Latin America and Caribbean (WB),,1981,81.07156
Latin America and Caribbean (WB),,1982,81.43318
Latin America and Caribbean (WB),,1983,81.81735
Latin America and Caribbean (WB),,1984,82.18003
Latin America and Caribbean (WB),,1985,82.53263
Latin America and Caribbean (WB),,1986,82.87943
Latin America and Caribbean (WB),,1987,83.16174
Latin America and Caribbean (WB),,1988,83.6436
Latin America and Caribbean (WB),,1989,84.07873
Latin America and Caribbean (WB),,1990,84.4161
Latin America and Caribbean (WB),,1991,84.98024
Latin America and Caribbean (WB),,1992,85.60034
Latin America and Caribbean (WB),,1993,86.23367
Latin America and Caribbean (WB),,1994,86.79755
Latin America and Caribbean (WB),,1995,87.39975
Latin America and Caribbean (WB),,1996,87.7293
Latin America and Caribbean (WB),,1997,88.01879
Latin America and Caribbean (WB),,1998,88.49534
Latin America and Caribbean (WB),,1999,88.79075
Latin America and Caribbean (WB),,2000,89.03491
Latin America and Caribbean (WB),,2001,89.13132
Latin America and Caribbean (WB),,2002,89.24298
Latin America and Caribbean (WB),,2003,90.00695
Latin America and Caribbean (WB),,2004,89.98819
Latin America and Caribbean (WB),,2005,90.46577
Latin America and Caribbean (WB),,2006,90.40243
Latin America and Caribbean (WB),,2007,91.05212
Latin America and Caribbean (WB),,2008,91.30176
Latin America and Caribbean (WB),,2009,91.57601
Latin America and Caribbean (WB),,2010,91.56577
Latin America and Caribbean (WB),,2011,92.13502
Latin America and Caribbean (WB),,2012,92.35542
Latin America and Caribbean (WB),,2013,92.40048
Latin America and Caribbean (WB),,2014,92.84902
Latin America and Caribbean (WB),,2015,93.02125
Latin America and Caribbean (WB),,2016,93.48774
Latin America and Caribbean (WB),,2017,93.52474
Latin America and Caribbean (WB),,2018,93.67972
Latin America and Caribbean (WB),,2019,94.09379
Latin America and Caribbean (WB),,2020,94.11495
Latvia,LVA,1989,99.4523
Latvia,LVA,2000,99.74657
Latvia,LVA,2011,99.8959
Latvia,LVA,2018,99.88931
Latvia,LVA,2021,99.89
Lebanon,LBN,2007,89.61244
Lebanon,LBN,2009,91.18419
Lebanon,LBN,2018,95.06944
Lebanon,LBN,2019,95.3
Lesotho,LSO,2000,86.25443
Lesotho,LSO,2009,75.8002
Lesotho,LSO,2014,76.6352
Lesotho,LSO,2021,81.02
Liberia,LBR,1984,32.10677
Liberia,LBR,2007,42.94108
Liberia,LBR,2017,48.30136
Libya,LBY,1984,60.16439
Libya,LBY,1994,76.5
Libya,LBY,2004,86.1
Lithuania,LTU,1989,98.44127
Lithuania,LTU,2001,99.64575
Lithuania,LTU,2011,99.8156
Lithuania,LTU,2021,99.83
Low-income countries,,1988,45.60488
Low-income countries,,1989,46.02789
Low-income countries,,1990,46.50436
Low-income countries,,1991,46.6194
Low-income countries,,1992,46.75081
Low-income countries,,1993,46.95273
Low-income countries,,1994,47.37467
Low-income countries,,1995,47.52844
Low-income countries,,1996,47.8618
Low-income countries,,1997,48.56004
Low-income countries,,1998,49.22021
Low-income countries,,1999,49.95499
Low-income countries,,2000,50.24368
Low-income countries,,2001,51.01802
Low-income countries,,2002,51.63061
Low-income countries,,2003,52.08613
Low-income countries,,2004,53.59147
Low-income countries,,2005,52.84326
Low-income countries,,2006,51.02036
Low-income countries,,2007,52.30195
Low-income countries,,2008,52.73406
Low-income countries,,2009,53.22562
Low-income countries,,2010,54.17542
Low-income countries,,2011,56.11799
Low-income countries,,2012,56.58975
Low-income countries,,2013,57.58013
Low-income countries,,2014,57.99215
Low-income countries,,2015,58.55276
Low-income countries,,2016,59.26771
Low-income countries,,2017,60.32021
Low-income countries,,2018,60.10586
Low-income countries,,2019,60.65452
Low-income countries,,2020,60.85431
Lower-middle-income countries,,1975,49.01036
Lower-middle-income countries,,1976,49.17273
Lower-middle-income countries,,1977,49.71335
Lower-middle-income countries,,1978,50.25431
Lower-middle-income countries,,1979,50.77012
Lower-middle-income countries,,1980,50.7638
Lower-middle-income countries,,1981,51.4825
Lower-middle-income countries,,1982,52.34534
Lower-middle-income countries,,1983,52.87928
Lower-middle-income countries,,1984,53.45585
Lower-middle-income countries,,1985,54.03633
Lower-middle-income countries,,1986,54.56081
Lower-middle-income countries,,1987,55.46378
Lower-middle-income countries,,1988,56.13493
Lower-middle-income countries,,1989,56.83779
Lower-middle-income countries,,1990,57.62942
Lower-middle-income countries,,1991,58.19034
Lower-middle-income countries,,1992,59.17031
Lower-middle-income countries,,1993,59.94977
Lower-middle-income countries,,1994,60.7118
Lower-middle-income countries,,1995,61.4822
Lower-middle-income countries,,1996,62.22625
Lower-middle-income countries,,1997,62.92463
Lower-middle-income countries,,1998,65.95448
Lower-middle-income countries,,1999,66.58315
Lower-middle-income countries,,2000,66.81064
Lower-middle-income countries,,2001,67.31924
Lower-middle-income countries,,2002,68.03359
Lower-middle-income countries,,2003,69.01772
Lower-middle-income countries,,2004,69.7088
Lower-middle-income countries,,2005,69.42791
Lower-middle-income countries,,2006,70.13963
Lower-middle-income countries,,2007,70.04371
Lower-middle-income countries,,2008,71.16751
Lower-middle-income countries,,2009,71.9416
Lower-middle-income countries,,2010,73.03415
Lower-middle-income countries,,2011,73.04888
Lower-middle-income countries,,2012,73.81666
Lower-middle-income countries,,2013,74.3268
Lower-middle-income countries,,2014,75.20416
Lower-middle-income countries,,2015,75.87807
Lower-middle-income countries,,2016,76.52313
Lower-middle-income countries,,2017,77.14888
Lower-middle-income countries,,2018,77.66904
Lower-middle-income countries,,2019,78.35629
Lower-middle-income countries,,2020,78.79069
Macao,MAC,1981,90.37818
Macao,MAC,2001,91.29537
Macao,MAC,2006,93.49975
Macao,MAC,2011,95.64004
Macao,MAC,2016,96.53849
Macao,MAC,2021,97.11
Madagascar,MDG,2000,70.68617
Madagascar,MDG,2005,58.93594
Madagascar,MDG,2009,64.48091
Madagascar,MDG,2012,71.57262
Madagascar,MDG,2018,76.67968
Madagascar,MDG,2021,77.25
Malawi,MWI,1987,48.53665
Malawi,MWI,1998,64.13425
Malawi,MWI,2010,61.30972
Malawi,MWI,2014,65.14537
Malawi,MWI,2015,62.14354
Malawi,MWI,2021,67.31
Malaysia,MYS,1980,69.51633
Malaysia,MYS,1991,82.91537
Malaysia,MYS,2000,88.68776
Malaysia,MYS,2010,93.11789
Malaysia,MYS,2016,94.88058
Malaysia,MYS,2017,95.08265
Malaysia,MYS,2018,94.85441
Malaysia,MYS,2019,94.97113
Maldives,MDV,1977,82.29996
Maldives,MDV,1985,92.23005
Maldives,MDV,1990,96.01826
Maldives,MDV,1995,96.3265
Maldives,MDV,2000,96.3265
Maldives,MDV,2006,98.3979
Maldives,MDV,2014,98.61012
Maldives,MDV,2016,97.73495
Maldives,MDV,2021,97.86
Mali,MLI,1976,9.43381
Mali,MLI,1998,19.04497
Mali,MLI,2003,24
Mali,MLI,2006,26.17655
Mali,MLI,2010,31.09975
Mali,MLI,2011,30.61867
Mali,MLI,2015,33.06889
Mali,MLI,2018,35.47377
Mali,MLI,2020,30.76141
Malta,MLT,1985,86.92984
Malta,MLT,1995,87.8687
Malta,MLT,2005,92.36309
Malta,MLT,2011,93.30736
Malta,MLT,2018,94.50319
Malta,MLT,2021,94.94
Marshall Islands,MHL,2011,98.26508
Mauritania,MRT,2000,51.20768
Mauritania,MRT,2007,45.50378
Mauritania,MRT,2013,62.06875
Mauritania,MRT,2017,53.49759
Mauritania,MRT,2021,66.96
Mauritius,MUS,1990,79.86866
Mauritius,MUS,2000,84.30309
Mauritius,MUS,2011,89.24984
Mauritius,MUS,2012,91.76601
Mauritius,MUS,2013,91.49003
Mauritius,MUS,2014,92.47476
Mauritius,MUS,2015,92.7076
Mauritius,MUS,2016,93.15784
Mauritius,MUS,2021,92.15
Mexico,MEX,1980,82.98924
Mexico,MEX,1990,87.55615
Mexico,MEX,2000,90.53562
Mexico,MEX,2002,90.27465
Mexico,MEX,2004,90.95374
Mexico,MEX,2005,91.63027
Mexico,MEX,2006,91.73452
Mexico,MEX,2007,92.79517
Mexico,MEX,2008,92.9256
Mexico,MEX,2009,93.44188
Mexico,MEX,2010,93.06894
Mexico,MEX,2011,93.51998
Mexico,MEX,2012,94.2284
Mexico,MEX,2013,93.96285
Mexico,MEX,2014,94.55588
Mexico,MEX,2015,94.47228
Mexico,MEX,2016,94.85962
Mexico,MEX,2017,94.97278
Mexico,MEX,2018,95.37991
Mexico,MEX,2020,95.24785
Middle East and North Africa (WB),,1973,42.94491
Middle East and North Africa (WB),,1974,43.44111
Middle East and North Africa (WB),,1975,43.96999
Middle East and North Africa (WB),,1976,44.49684
Middle East and North Africa (WB),,1977,45.09396
Middle East and North Africa (WB),,1978,45.77371
Middle East and North Africa (WB),,1979,46.4824
Middle East and North Africa (WB),,1980,47.24851
Middle East and North Africa (WB),,1981,47.99818
Middle East and North Africa (WB),,1982,48.79554
Middle East and North Africa (WB),,1983,49.53234
Middle East and North Africa (WB),,1984,50.4976
Middle East and North Africa (WB),,1985,51.4834
Middle East and North Africa (WB),,1986,52.56324
Middle East and North Africa (WB),,1987,53.33946
Middle East and North Africa (WB),,1988,54.46113
Middle East and North Africa (WB),,1989,55.51348
Middle East and North Africa (WB),,1990,57.94539
Middle East and North Africa (WB),,1991,59.19118
Middle East and North Africa (WB),,1992,60.19388
Middle East and North Africa (WB),,1993,61.0622
Middle East and North Africa (WB),,1994,62.03394
Middle East and North Africa (WB),,1995,63.52647
Middle East and North Africa (WB),,1996,64.84909
Middle East and North Africa (WB),,1997,65.76986
Middle East and North Africa (WB),,1998,66.95458
Middle East and North Africa (WB),,1999,68.00581
Middle East and North Africa (WB),,2000,69.00173
Middle East and North Africa (WB),,2001,70.11461
Middle East and North Africa (WB),,2002,70.54897
Middle East and North Africa (WB),,2003,73.79182
Middle East and North Africa (WB),,2004,74.68415
Middle East and North Africa (WB),,2005,74.27211
Middle East and North Africa (WB),,2006,74.41034
Middle East and North Africa (WB),,2007,74.9133
Middle East and North Africa (WB),,2008,75.60904
Middle East and North Africa (WB),,2009,75.4947
Middle East and North Africa (WB),,2010,76.32344
Middle East and North Africa (WB),,2011,77.09967
Middle East and North Africa (WB),,2012,79.72863
Middle East and North Africa (WB),,2013,79.5006
Middle East and North Africa (WB),,2014,81.41559
Middle East and North Africa (WB),,2015,79.38658
Middle East and North Africa (WB),,2016,80.43866
Middle East and North Africa (WB),,2017,81.49974
Middle East and North Africa (WB),,2018,78.95096
Middle East and North Africa (WB),,2019,79.27205
Middle East and North Africa (WB),,2020,79.73738
Middle-income countries,,1975,60.07342
Middle-income countries,,1976,60.17764
Middle-income countries,,1977,60.46662
Middle-income countries,,1978,61.16245
Middle-income countries,,1979,61.8297
Middle-income countries,,1980,62.27688
Middle-income countries,,1981,63.03918
Middle-income countries,,1982,63.77265
Middle-income countries,,1983,64.54558
Middle-income countries,,1984,65.30206
Middle-income countries,,1985,65.98665
Middle-income countries,,1986,66.61862
Middle-income countries,,1987,67.41098
Middle-income countries,,1988,69.61204
Middle-income countries,,1989,70.20278
Middle-income countries,,1990,70.50628
Middle-income countries,,1991,71.27883
Middle-income countries,,1992,71.97039
Middle-income countries,,1993,72.56093
Middle-income countries,,1994,73.12179
Middle-income countries,,1995,73.67948
Middle-income countries,,1996,74.23305
Middle-income countries,,1997,76.93343
Middle-income countries,,1998,78.51475
Middle-income countries,,1999,78.91452
Middle-income countries,,2000,79.09931
Middle-income countries,,2001,79.48143
Middle-income countries,,2002,79.94108
Middle-income countries,,2003,80.61822
Middle-income countries,,2004,81.06878
Middle-income countries,,2005,81.06922
Middle-income countries,,2006,81.47498
Middle-income countries,,2007,81.85162
Middle-income countries,,2008,82.47744
Middle-income countries,,2009,82.86035
Middle-income countries,,2010,83.3891
Middle-income countries,,2011,83.55697
Middle-income countries,,2012,84.13247
Middle-income countries,,2013,84.34593
Middle-income countries,,2014,84.89092
Middle-income countries,,2015,85.07804
Middle-income countries,,2016,85.65073
Middle-income countries,,2017,85.92034
Middle-income countries,,2018,86.02541
Middle-income countries,,2019,86.50932
Middle-income countries,,2020,86.7401
Moldova,MDA,1989,96.37755
Moldova,MDA,2000,96.6538
Moldova,MDA,2014,99.35989
Moldova,MDA,2021,99.6
Mongolia,MNG,2000,97.76885
Mongolia,MNG,2010,98.257
Mongolia,MNG,2020,99.18327
Montenegro,MNE,1981,89.6353
Montenegro,MNE,1991,93.46274
Montenegro,MNE,2003,97.77346
Montenegro,MNE,2011,98.44221
Montenegro,MNE,2018,98.84718
Montenegro,MNE,2021,98.98
Morocco,MAR,1982,30.2578
Morocco,MAR,1994,41.59411
Morocco,MAR,2004,52.30626
Morocco,MAR,2008,55.14792
Morocco,MAR,2009,56.08367
Morocco,MAR,2011,67.08416
Morocco,MAR,2012,69.42539
Morocco,MAR,2014,75.5862
Morocco,MAR,2018,73.75001
Morocco,MAR,2021,75.93
Mozambique,MOZ,1980,26.99771
Mozambique,MOZ,1997,38.70788
Mozambique,MOZ,2003,48.15884
Mozambique,MOZ,2009,50.58381
Mozambique,MOZ,2015,56.039
Mozambique,MOZ,2017,60.65543
Mozambique,MOZ,2021,63.42
Myanmar,MMR,1983,78.57041
Myanmar,MMR,2000,89.94176
Myanmar,MMR,2016,75.5512
Myanmar,MMR,2019,89.06995
Namibia,NAM,1991,75.81658
Namibia,NAM,2001,84.94426
Namibia,NAM,2007,76.48659
Namibia,NAM,2011,88.27463
Namibia,NAM,2018,91.52727
Namibia,NAM,2021,92.25
Nepal,NPL,1981,20.57367
Nepal,NPL,1991,32.97559
Nepal,NPL,2001,48.60897
Nepal,NPL,2011,59.62725
Nepal,NPL,2018,67.90843
Nepal,NPL,2021,71.15
New Caledonia,NCL,1976,91.30037
New Caledonia,NCL,1989,93.08063
New Caledonia,NCL,1996,96.13792
New Caledonia,NCL,2006,97.3
New Caledonia,NCL,2014,97.8
Nicaragua,NIC,2001,76.67713
Nicaragua,NIC,2005,78.00298
Nicaragua,NIC,2015,82.61455
Niger,NER,2001,14.37604
Niger,NER,2005,28.67242
Niger,NER,2012,30.56039
Niger,NER,2018,35.05
Niger,NER,2021,37.34
Nigeria,NGA,1991,55.44675
Nigeria,NGA,2003,54.77318
Nigeria,NGA,2006,70.19835
Nigeria,NGA,2008,51.07766
Nigeria,NGA,2018,62.01601
North America (WB),,2003,98.56962
North America (WB),,2004,98.58147
North America (WB),,2005,98.59173
North Korea,PRK,2008,99.99819
North Korea,PRK,2018,99.99819
North Macedonia,MKD,1994,94.05875
North Macedonia,MKD,2002,96.12893
North Macedonia,MKD,2012,97.6
North Macedonia,MKD,2014,97.8
Oman,OMN,2003,81.36331
Oman,OMN,2008,86.62114
Oman,OMN,2010,86.939
Oman,OMN,2014,91.9812
Oman,OMN,2015,93.03861
Oman,OMN,2016,94.89999
Oman,OMN,2017,95.576
Oman,OMN,2018,95.65153
Pakistan,PAK,1981,25.72519
Pakistan,PAK,1998,42.69931
Pakistan,PAK,2005,49.87364
Pakistan,PAK,2006,54.15121
Pakistan,PAK,2007,52.13683
Pakistan,PAK,2008,55.52637
Pakistan,PAK,2009,54.89264
Pakistan,PAK,2010,55.37519
Pakistan,PAK,2011,54.73802
Pakistan,PAK,2012,56.76434
Pakistan,PAK,2013,55.59499
Pakistan,PAK,2014,56.97715
Pakistan,PAK,2017,59.13205
Pakistan,PAK,2018,57.01057
Pakistan,PAK,2019,57.99886
Palau,PLW,1980,91.92142
Palau,PLW,2013,99.50313
Palau,PLW,2015,96.59374
Palestine,PSE,1997,86.07696
Palestine,PSE,2004,92.47751
Palestine,PSE,2006,93.45087
Palestine,PSE,2007,93.7617
Palestine,PSE,2008,94.00984
Palestine,PSE,2009,94.43018
Palestine,PSE,2010,94.71748
Palestine,PSE,2011,95.02582
Palestine,PSE,2012,95.67101
Palestine,PSE,2013,96.04603
Palestine,PSE,2014,96.21293
Palestine,PSE,2015,96.47712
Palestine,PSE,2016,96.71919
Palestine,PSE,2017,96.9244
Palestine,PSE,2018,97.21861
Palestine,PSE,2019,97.37826
Palestine,PSE,2020,97.51446
Panama,PAN,1980,88.07174
Panama,PAN,1990,88.77986
Panama,PAN,2000,91.89962
Panama,PAN,2010,94.09412
Panama,PAN,2018,95.41181
Panama,PAN,2019,95.73608
Papua New Guinea,PNG,2000,57.34326
Papua New Guinea,PNG,2010,61.6
Paraguay,PRY,1982,78.45861
Paraguay,PRY,1992,90.27182
Paraguay,PRY,2007,94.55822
Paraguay,PRY,2008,93.29208
Paraguay,PRY,2009,93.75424
Paraguay,PRY,2010,93.87092
Paraguay,PRY,2012,94.19747
Paraguay,PRY,2013,95.05904
Paraguay,PRY,2014,95.03481
Paraguay,PRY,2015,95.55484
Paraguay,PRY,2016,94.65024
Paraguay,PRY,2018,94.0208
Paraguay,PRY,2019,93.21353
Paraguay,PRY,2020,94.54455
Peru,PER,1981,81.91846
Peru,PER,1993,87.15063
Peru,PER,2004,87.66985
Peru,PER,2005,87.90867
Peru,PER,2006,88.69934
Peru,PER,2007,89.59081
Peru,PER,2012,93.84173
Peru,PER,2014,93.70795
Peru,PER,2015,94.16234
Peru,PER,2016,94.17367
Peru,PER,2017,94.14961
Peru,PER,2018,94.40827
Peru,PER,2020,94.49793
Philippines,PHL,1980,83.31723
Philippines,PHL,1990,93.5739
Philippines,PHL,1994,93.91597
Philippines,PHL,2000,92.60006
Philippines,PHL,2003,92.59069
Philippines,PHL,2008,95.4201
Philippines,PHL,2013,96.398
Philippines,PHL,2015,98.18255
Philippines,PHL,2019,96.27817
Poland,POL,1978,98.74274
Poland,POL,1988,98.74274
Poland,POL,1998,98.74274
Poland,POL,2008,98.74274
Poland,POL,2021,99.8
Portugal,PRT,1981,79.43561
Portugal,PRT,1991,87.94785
Portugal,PRT,2011,94.47705
Portugal,PRT,2018,96.13759
Portugal,PRT,2021,96.78
Puerto Rico,PRI,1980,86.74606
Puerto Rico,PRI,1990,89.6225
Puerto Rico,PRI,2010,91.96523
Puerto Rico,PRI,2017,92.39
Puerto Rico,PRI,2021,92.4
Qatar,QAT,1986,75.63504
Qatar,QAT,1997,83.26216
Qatar,QAT,2004,86.73161
Qatar,QAT,2007,90.06062
Qatar,QAT,2008,91.01076
Qatar,QAT,2009,91.15142
Qatar,QAT,2010,91.77885
Qatar,QAT,2011,91.36408
Qatar,QAT,2012,90.17006
Qatar,QAT,2013,90.63299
Qatar,QAT,2014,91.32722
Qatar,QAT,2016,93.1453
Qatar,QAT,2017,93.46397
Romania,ROU,1992,96.70998
Romania,ROU,2002,97.29759
Romania,ROU,2011,98.60429
Romania,ROU,2018,98.8445
Romania,ROU,2021,98.9
Russia,RUS,1989,97.98605
Russia,RUS,2002,99.44097
Russia,RUS,2010,99.68427
Russia,RUS,2018,99.73006
Russia,RUS,2020,99.7
Rwanda,RWA,1978,38.24343
Rwanda,RWA,1991,57.85349
Rwanda,RWA,2000,64.8886
Rwanda,RWA,2010,65.85227
Rwanda,RWA,2012,68.33103
Rwanda,RWA,2014,70.80413
Rwanda,RWA,2018,73.21559
Rwanda,RWA,2021,75.9
Saint Vincent and the Grenadines,VCT,1970,95.63216
Saint Vincent and the Grenadines,VCT,1980,96.9
Samoa,WSM,1991,97.94433
Samoa,WSM,2011,98.97326
Samoa,WSM,2018,99.09577
Samoa,WSM,2021,99.1
Sao Tome and Principe,STP,1981,57.32426
Sao Tome and Principe,STP,1991,73.24242
Sao Tome and Principe,STP,2001,84.90851
Sao Tome and Principe,STP,2008,69.53639
Sao Tome and Principe,STP,2012,90.1431
Sao Tome and Principe,STP,2018,92.81664
Sao Tome and Principe,STP,2021,93.8
Saudi Arabia,SAU,1992,70.82165
Saudi Arabia,SAU,2000,79.35094
Saudi Arabia,SAU,2004,82.85774
Saudi Arabia,SAU,2013,94.42634
Saudi Arabia,SAU,2017,95.32863
Saudi Arabia,SAU,2020,97.58507
Senegal,SEN,1988,26.86885
Senegal,SEN,2002,39.27525
Senegal,SEN,2006,41.89115
Senegal,SEN,2009,48.03678
Senegal,SEN,2011,51.81455
Senegal,SEN,2013,43.5345
Senegal,SEN,2017,51.90042
Senegal,SEN,2021,56.3
Serbia,SRB,2003,96.39724
Serbia,SRB,2011,97.96241
Serbia,SRB,2016,98.84151
Serbia,SRB,2019,99.48253
Seychelles,SYC,1987,84.22922
Seychelles,SYC,1994,87.81115
Seychelles,SYC,2002,91.83646
Seychelles,SYC,2010,93.95423
Seychelles,SYC,2018,95.86771
Seychelles,SYC,2020,96.2
Sierra Leone,SLE,2004,34.82679
Sierra Leone,SLE,2013,32.42617
Sierra Leone,SLE,2018,43.20633
Sierra Leone,SLE,2021,47.7
Singapore,SGP,1980,82.90605
Singapore,SGP,1990,89.096
Singapore,SGP,2000,92.5494
Singapore,SGP,2010,95.85733
Singapore,SGP,2011,96.18604
Singapore,SGP,2012,96.36979
Singapore,SGP,2013,96.54802
Singapore,SGP,2014,96.71669
Singapore,SGP,2015,96.82549
Singapore,SGP,2016,97.04956
Singapore,SGP,2017,97.20222
Singapore,SGP,2018,97.34486
Singapore,SGP,2019,97.47958
Singapore,SGP,2020,97.13185
Slovenia,SVN,1991,99.52452
Slovenia,SVN,2001,99.6
Slovenia,SVN,2004,99.7
Slovenia,SVN,2014,99.7
Solomon Islands,SLB,1999,76.6
Solomon Islands,SLB,2009,76.6
Somalia,SOM,1972,5.40465
South Africa,ZAF,1980,76.20049
South Africa,ZAF,1996,82.4021
South Africa,ZAF,2007,88.71725
South Africa,ZAF,2009,92.89486
South Africa,ZAF,2010,92.87732
South Africa,ZAF,2011,93.10214
South Africa,ZAF,2012,93.72947
South Africa,ZAF,2014,94.1399
South Africa,ZAF,2015,94.36792
South Africa,ZAF,2017,87.04667
South Africa,ZAF,2019,95.02297
South Asia (WB),,1975,36.24779
South Asia (WB),,1976,36.2609
South Asia (WB),,1977,36.9161
South Asia (WB),,1978,37.56236
South Asia (WB),,1979,38.1899
South Asia (WB),,1980,38.80672
South Asia (WB),,1981,38.80397
South Asia (WB),,1982,40.03179
South Asia (WB),,1983,40.67823
South Asia (WB),,1984,41.32399
South Asia (WB),,1985,41.97127
South Asia (WB),,1986,42.61491
South Asia (WB),,1987,43.26183
South Asia (WB),,1988,43.99892
South Asia (WB),,1989,44.74947
South Asia (WB),,1990,45.47354
South Asia (WB),,1991,45.85607
South Asia (WB),,1992,47.14712
South Asia (WB),,1993,48.12266
South Asia (WB),,1994,48.89401
South Asia (WB),,1995,49.6819
South Asia (WB),,1996,50.47919
South Asia (WB),,1997,51.28044
South Asia (WB),,1998,56.16015
South Asia (WB),,1999,56.91392
South Asia (WB),,2000,57.68688
South Asia (WB),,2001,58.1273
South Asia (WB),,2002,59.20904
South Asia (WB),,2003,60.09763
South Asia (WB),,2004,60.86876
South Asia (WB),,2005,60.63879
South Asia (WB),,2006,60.80881
South Asia (WB),,2007,61.71054
South Asia (WB),,2008,63.63489
South Asia (WB),,2009,64.33466
South Asia (WB),,2010,66.0164
South Asia (WB),,2011,66.51305
South Asia (WB),,2012,67.26597
South Asia (WB),,2013,68.0116
South Asia (WB),,2014,68.73357
South Asia (WB),,2015,69.65642
South Asia (WB),,2016,70.99839
South Asia (WB),,2017,71.69451
South Asia (WB),,2018,71.9677
South Asia (WB),,2019,72.67486
South Asia (WB),,2020,73.28027
South Korea,KOR,2008,97.96594
South Korea,KOR,2018,98.8
South Sudan,SSD,2008,26.83128
South Sudan,SSD,2018,34.52276
Spain,ESP,1981,92.80977
Spain,ESP,1991,96.49497
Spain,ESP,2004,97.16512
Spain,ESP,2005,97.75069
Spain,ESP,2006,97.75214
Spain,ESP,2007,97.93884
Spain,ESP,2008,97.63061
Spain,ESP,2009,97.67927
Spain,ESP,2010,97.7489
Spain,ESP,2011,97.78375
Spain,ESP,2012,97.89454
Spain,ESP,2013,98.07913
Spain,ESP,2014,98.09372
Spain,ESP,2015,98.14326
Spain,ESP,2016,98.25051
Spain,ESP,2018,98.4365
Spain,ESP,2020,98.59446
Sri Lanka,LKA,1981,86.77792
Sri Lanka,LKA,2001,90.68275
Sri Lanka,LKA,2006,90.80883
Sri Lanka,LKA,2008,90.55795
Sri Lanka,LKA,2010,91.18136
Sri Lanka,LKA,2016,92.3869
Sri Lanka,LKA,2017,91.89575
Sri Lanka,LKA,2018,91.70982
Sri Lanka,LKA,2019,92.25296
Sri Lanka,LKA,2020,92.3823
Sub-Saharan Africa (WB),,1985,49.05025
Sub-Saharan Africa (WB),,1986,49.4073
Sub-Saharan Africa (WB),,1987,50.06865
Sub-Saharan Africa (WB),,1988,50.58009
Sub-Saharan Africa (WB),,1989,51.20392
Sub-Saharan Africa (WB),,1990,51.88868
Sub-Saharan Africa (WB),,1991,52.29849
Sub-Saharan Africa (WB),,1992,52.7799
Sub-Saharan Africa (WB),,1993,53.37715
Sub-Saharan Africa (WB),,1994,54.11979
Sub-Saharan Africa (WB),,1995,54.41046
Sub-Saharan Africa (WB),,1996,55.08292
Sub-Saharan Africa (WB),,1997,55.9376
Sub-Saharan Africa (WB),,1998,56.59955
Sub-Saharan Africa (WB),,1999,57.38932
Sub-Saharan Africa (WB),,2000,56.01417
Sub-Saharan Africa (WB),,2001,56.99362
Sub-Saharan Africa (WB),,2002,57.48566
Sub-Saharan Africa (WB),,2003,57.90785
Sub-Saharan Africa (WB),,2004,59.50367
Sub-Saharan Africa (WB),,2005,58.52419
Sub-Saharan Africa (WB),,2006,59.76357
Sub-Saharan Africa (WB),,2007,57.28401
Sub-Saharan Africa (WB),,2008,57.37395
Sub-Saharan Africa (WB),,2009,58.17715
Sub-Saharan Africa (WB),,2010,58.73373
Sub-Saharan Africa (WB),,2011,60.30552
Sub-Saharan Africa (WB),,2012,61.49142
Sub-Saharan Africa (WB),,2013,62.34981
Sub-Saharan Africa (WB),,2014,63.00296
Sub-Saharan Africa (WB),,2015,63.59802
Sub-Saharan Africa (WB),,2016,64.30605
Sub-Saharan Africa (WB),,2017,64.68677
Sub-Saharan Africa (WB),,2018,66.13889
Sub-Saharan Africa (WB),,2019,67.05907
Sub-Saharan Africa (WB),,2020,67.2739
Sudan,SDN,2000,61.34587
Sudan,SDN,2008,53.51738
Sudan,SDN,2018,60.69718
Suriname,SUR,2004,89.59806
Suriname,SUR,2008,94.62094
Suriname,SUR,2010,94.67575
Suriname,SUR,2012,92.86866
Suriname,SUR,2018,94.38327
Suriname,SUR,2021,95
Syria,SYR,1981,55.6545
Syria,SYR,2002,82.88825
Syria,SYR,2004,80.84452
Syria,SYR,2014,86.3
Tajikistan,TJK,1989,97.69402
Tajikistan,TJK,2000,99.45068
Tajikistan,TJK,2010,99.7
Tajikistan,TJK,2014,99.8
Tanzania,TZA,1988,59.1138
Tanzania,TZA,2002,69.4309
Tanzania,TZA,2010,67.8007
Tanzania,TZA,2012,78.10059
Tanzania,TZA,2015,77.88723
Tanzania,TZA,2021,81.8
Thailand,THA,1980,87.98176
Thailand,THA,2000,92.64654
Thailand,THA,2005,93.50647
Thailand,THA,2010,96.43091
Thailand,THA,2013,93.70207
Thailand,THA,2015,92.86831
Thailand,THA,2018,93.76776
Thailand,THA,2021,94.1
Togo,TGO,2000,53.1776
Togo,TGO,2006,56.88837
Togo,TGO,2009,57.09338
Togo,TGO,2011,60.40994
Togo,TGO,2015,63.74562
Togo,TGO,2019,66.53708
Tonga,TON,1976,99.59246
Tonga,TON,1996,98.90537
Tonga,TON,2006,99.01846
Tonga,TON,2011,99.38553
Tonga,TON,2018,99.41437
Tonga,TON,2021,99.4
Trinidad and Tobago,TTO,1980,94.97032
Trinidad and Tobago,TTO,1990,96.93855
Trinidad and Tobago,TTO,2000,97.9
Trinidad and Tobago,TTO,2010,98.7
Tunisia,TUN,1984,48.1907
Tunisia,TUN,2004,74.297
Tunisia,TUN,2007,77.1904
Tunisia,TUN,2008,77.71462
Tunisia,TUN,2010,79.13058
Tunisia,TUN,2011,79.65391
Tunisia,TUN,2012,80.21875
Tunisia,TUN,2014,79.03643
Tunisia,TUN,2021,82.7
Turkey,TUR,1975,61.62768
Turkey,TUR,1980,65.69434
Turkey,TUR,1985,75.96824
Turkey,TUR,1990,79.23245
Turkey,TUR,2004,87.36549
Turkey,TUR,2005,88.22906
Turkey,TUR,2006,88.11939
Turkey,TUR,2007,88.6559
Turkey,TUR,2009,90.81672
Turkey,TUR,2010,92.6606
Turkey,TUR,2011,94.10609
Turkey,TUR,2012,94.91975
Turkey,TUR,2013,95.25666
Turkey,TUR,2014,95.43963
Turkey,TUR,2015,95.60142
Turkey,TUR,2016,96.16733
Turkey,TUR,2017,96.15053
Turkey,TUR,2019,96.74221
Turkmenistan,TKM,1995,98.77832
Turkmenistan,TKM,2005,99.4
Turkmenistan,TKM,2014,99.7
Uganda,UGA,1991,56.10738
Uganda,UGA,2002,68.14251
Uganda,UGA,2006,71.37314
Uganda,UGA,2010,73.21188
Uganda,UGA,2012,70.19822
Uganda,UGA,2018,76.5275
Uganda,UGA,2021,79
Ukraine,UKR,2001,99.43041
Ukraine,UKR,2012,99.97435
Ukraine,UKR,2021,100
United Arab Emirates,ARE,1975,53.51488
United Arab Emirates,ARE,1985,71.2353
United Arab Emirates,ARE,2005,90.03385
United Arab Emirates,ARE,2019,95.52648
United Arab Emirates,ARE,2021,98.12636
Upper-middle-income countries,,1976,69.7581
Upper-middle-income countries,,1977,69.83345
Upper-middle-income countries,,1978,70.67153
Upper-middle-income countries,,1979,71.4775
Upper-middle-income countries,,1980,72.32593
Upper-middle-income countries,,1981,73.10751
Upper-middle-income countries,,1982,73.72152
Upper-middle-income countries,,1983,74.70229
Upper-middle-income countries,,1984,75.61917
Upper-middle-income countries,,1985,76.40354
Upper-middle-income countries,,1986,77.13944
Upper-middle-income countries,,1987,77.85708
Upper-middle-income countries,,1988,81.43593
Upper-middle-income countries,,1989,81.98237
Upper-middle-income countries,,1990,81.91998
Upper-middle-income countries,,1991,82.9874
Upper-middle-income countries,,1992,83.51097
Upper-middle-income countries,,1993,84.01887
Upper-middle-income countries,,1994,84.50073
Upper-middle-income countries,,1995,84.98826
Upper-middle-income countries,,1996,85.43966
Upper-middle-income countries,,1997,90.1488
Upper-middle-income countries,,1998,90.51142
Upper-middle-income countries,,1999,90.8229
Upper-middle-income countries,,2000,91.06595
Upper-middle-income countries,,2001,91.42263
Upper-middle-income countries,,2002,91.695
Upper-middle-income countries,,2003,92.11342
Upper-middle-income countries,,2004,92.37871
Upper-middle-income countries,,2005,92.73669
Upper-middle-income countries,,2006,92.92066
Upper-middle-income countries,,2007,93.88042
Upper-middle-income countries,,2008,94.11356
Upper-middle-income countries,,2009,94.20758
Upper-middle-income countries,,2010,94.2562
Upper-middle-income countries,,2011,94.69146
Upper-middle-income countries,,2012,95.17037
Upper-middle-income countries,,2013,95.17218
Upper-middle-income countries,,2014,95.46193
Upper-middle-income countries,,2015,95.21786
Upper-middle-income countries,,2016,95.81131
Upper-middle-income countries,,2017,95.77997
Upper-middle-income countries,,2018,95.51
Upper-middle-income countries,,2019,95.85511
Upper-middle-income countries,,2020,95.94559
Uruguay,URY,1975,93.86107
Uruguay,URY,1985,95.37998
Uruguay,URY,1996,96.78181
Uruguay,URY,2006,97.78963
Uruguay,URY,2007,97.86389
Uruguay,URY,2008,98.16356
Uruguay,URY,2009,98.26723
Uruguay,URY,2010,98.07271
Uruguay,URY,2011,98.3359
Uruguay,URY,2012,98.39594
Uruguay,URY,2013,98.36387
Uruguay,URY,2014,98.43593
Uruguay,URY,2015,98.52387
Uruguay,URY,2016,98.56147
Uruguay,URY,2017,98.61572
Uruguay,URY,2018,98.70386
Uruguay,URY,2019,98.77035
Uzbekistan,UZB,2000,98.64258
Uzbekistan,UZB,2013,99.99486
Uzbekistan,UZB,2014,99.98055
Uzbekistan,UZB,2015,99.98383
Uzbekistan,UZB,2016,99.98657
Uzbekistan,UZB,2018,99.99289
Uzbekistan,UZB,2019,99.99995
Vanuatu,VUT,1979,52.87392
Vanuatu,VUT,1984,58.2
Vanuatu,VUT,1994,68.7
Vanuatu,VUT,1999,74
Vanuatu,VUT,2004,78.4
Vanuatu,VUT,2014,84.7
Vanuatu,VUT,2018,87.50631
Vanuatu,VUT,2021,89.1
Venezuela,VEN,1981,84.7322
Venezuela,VEN,1990,89.82525
Venezuela,VEN,2001,92.97983
Venezuela,VEN,2007,95.15464
Venezuela,VEN,2009,95.51199
Venezuela,VEN,2011,94.77022
Venezuela,VEN,2015,96.60522
Venezuela,VEN,2016,97.12709
Venezuela,VEN,2021,97.5
Vietnam,VNM,1979,83.82594
Vietnam,VNM,1989,87.59645
Vietnam,VNM,1999,90.2783
Vietnam,VNM,2000,90.15613
Vietnam,VNM,2009,93.52045
Vietnam,VNM,2019,95.75387
World,OWID_WRL,1976,67.43786
World,OWID_WRL,1977,67.61614
World,OWID_WRL,1978,68.07619
World,OWID_WRL,1979,68.51383
World,OWID_WRL,1980,68.7866
World,OWID_WRL,1981,69.32859
World,OWID_WRL,1982,69.81618
World,OWID_WRL,1983,70.34283
World,OWID_WRL,1984,70.85835
World,OWID_WRL,1985,71.32155
World,OWID_WRL,1986,71.74754
World,OWID_WRL,1987,72.3201
World,OWID_WRL,1988,73.97958
World,OWID_WRL,1989,74.3995
World,OWID_WRL,1990,74.60587
World,OWID_WRL,1991,75.15212
World,OWID_WRL,1992,75.60765
World,OWID_WRL,1993,76.02015
World,OWID_WRL,1994,76.42982
World,OWID_WRL,1995,76.82639
World,OWID_WRL,1996,77.22889
World,OWID_WRL,1997,79.25021
World,OWID_WRL,1998,80.42651
World,OWID_WRL,1999,80.75253
World,OWID_WRL,2000,80.87035
World,OWID_WRL,2001,81.17599
World,OWID_WRL,2002,81.55425
World,OWID_WRL,2003,82.0691
World,OWID_WRL,2004,82.47206
World,OWID_WRL,2005,82.42296
World,OWID_WRL,2006,82.60817
World,OWID_WRL,2007,82.94481
World,OWID_WRL,2008,83.42508
World,OWID_WRL,2009,83.71627
World,OWID_WRL,2010,84.11115
World,OWID_WRL,2011,84.31716
World,OWID_WRL,2012,84.76017
World,OWID_WRL,2013,84.95266
World,OWID_WRL,2014,85.40185
World,OWID_WRL,2015,85.55928
World,OWID_WRL,2016,86.00864
World,OWID_WRL,2017,86.24826
World,OWID_WRL,2018,86.2785
World,OWID_WRL,2019,86.65676
World,OWID_WRL,2020,86.81437
Yemen,YEM,1994,37.09
Yemen,YEM,2004,54.1
Zambia,ZMB,1990,64.99828
Zambia,ZMB,1999,68.00179
Zambia,ZMB,2002,69.14922
Zambia,ZMB,2007,61.12709
Zambia,ZMB,2010,83.00767
Zambia,ZMB,2018,86.74796
Zambia,ZMB,2020,87.5
Zimbabwe,ZWE,1982,77.79417
Zimbabwe,ZWE,1992,83.51258
Zimbabwe,ZWE,2011,83.58271
Zimbabwe,ZWE,2014,88.69342
Zimbabwe,ZWE,2021,89.7